invId,dateKey,storeId,productId,openingStock,stockRecieved,stockSold,stockReturned,closingStock,reorderLevel,unitCost,InventoryValue
1,20240101,12,514,231,72,169,4,138,14,48.15,6644.7
2,20240102,2,498,164,188,186,20,186,13,75.51,14044.86
3,20240103,9,887,484,129,391,5,227,48,93.01,21113.27
4,20240104,13,406,209,0,200,9,18,21,73.44,1321.92
5,20240105,8,253,26,156,172,11,21,23,140.55,2951.55
6,20240106,20,82,57,185,122,2,122,33,31.87,3888.14
7,20240107,17,808,342,95,20,18,435,22,98.42,42812.7
8,20240108,8,508,68,170,98,0,140,48,210.3,29442.0
9,20240109,17,6,123,96,36,15,198,17,115.28,22825.44
10,20240110,9,341,322,97,224,17,212,33,61.81,13103.72
11,20240111,19,976,39,191,185,7,52,22,382.23,19875.96
12,20240112,1,866,462,66,288,2,242,20,74.62,18058.04
13,20240113,4,174,424,8,173,13,272,33,48.41,13167.52
14,20240114,4,958,153,76,202,10,37,25,26.44,978.28
15,20240115,18,985,90,4,61,18,51,38,18.32,934.32
16,20240116,4,970,95,16,72,2,41,24,64.88,2660.08
17,20240117,1,364,25,126,62,3,92,47,61.04,5615.68
18,20240118,9,28,378,127,177,19,347,15,53.67,18623.49
19,20240119,3,170,252,27,228,20,71,21,102.74,7294.54
20,20240120,8,779,317,13,282,0,48,19,55.01,2640.48
21,20240121,1,258,224,38,183,19,98,43,121.75,11931.5
22,20240122,13,367,495,14,166,8,351,48,111.44,39115.44
23,20240123,1,396,90,21,81,5,35,40,158.59,5550.65
24,20240124,11,154,461,102,113,0,450,20,130.8,58860.0
25,20240125,11,277,250,69,84,2,237,15,63.77,15113.49
26,20240126,20,569,478,79,195,0,362,21,48.45,17538.9
27,20240127,19,619,229,24,183,13,83,19,97.06,8055.98
28,20240128,18,332,57,188,6,14,253,18,46.67,11807.51
29,20240129,9,337,96,150,152,0,94,41,267.55,25149.7
30,20240130,14,620,448,45,418,17,92,48,188.33,17326.36
31,20240131,1,368,151,142,210,8,91,47,36.54,3325.14
32,20240201,13,292,294,136,103,14,341,50,48.12,16408.92
33,20240202,10,857,211,133,253,15,106,15,144.98,15367.88
34,20240203,20,126,58,108,85,7,88,37,307.84,27089.92
35,20240204,4,662,468,37,384,13,134,44,88.82,11901.88
36,20240205,4,763,367,97,151,18,331,40,278.84,92296.04
37,20240206,18,171,454,174,297,4,335,10,61.0,20435.0
38,20240207,19,561,131,45,155,2,23,25,270.07,6211.61
39,20240208,5,530,397,147,443,17,118,22,33.56,3960.08
40,20240209,19,97,231,120,256,7,102,20,280.8,28641.6
41,20240210,17,68,198,81,94,13,198,38,212.3,42035.4
42,20240211,16,425,336,24,197,8,171,37,55.07,9416.97
43,20240212,15,520,177,117,57,10,247,23,126.14,31156.58
44,20240213,11,375,33,127,27,19,152,50,39.69,6032.88
45,20240214,20,419,231,79,88,18,240,19,78.17,18760.8
46,20240215,6,980,261,97,297,1,62,42,102.06,6327.72
47,20240216,15,294,198,4,160,4,46,24,110.39,5077.94
48,20240217,18,882,134,45,30,12,161,27,172.45,27764.45
49,20240218,3,904,380,62,299,2,145,32,14.0,2030.0
50,20240219,1,89,123,174,291,4,10,47,97.6,976.0
51,20240220,4,647,417,107,224,3,303,17,43.91,13304.73
52,20240221,8,61,188,194,42,2,342,21,160.88,55020.96
53,20240222,1,318,222,100,270,7,59,41,64.8,3823.2
54,20240223,5,374,68,132,77,16,139,39,80.27,11157.53
55,20240224,3,676,479,194,159,17,531,49,63.03,33468.93
56,20240225,16,736,56,122,133,12,57,14,143.12,8157.84
57,20240226,17,760,355,131,192,4,298,43,143.75,42837.5
58,20240227,5,606,45,32,1,17,93,23,193.19,17966.67
59,20240228,19,175,372,170,51,8,499,25,53.94,26916.06
60,20240229,18,998,116,124,172,5,73,47,107.09,7817.57
61,20240301,15,533,99,132,79,7,159,39,78.36,12459.24
62,20240302,2,396,418,60,142,14,350,33,125.97,44089.5
63,20240303,16,862,461,6,181,7,293,20,259.15,75930.95
64,20240304,13,654,50,93,4,5,144,23,118.33,17039.52
65,20240305,8,537,166,123,250,10,49,39,54.55,2672.95
66,20240306,8,59,131,48,176,8,11,24,50.44,554.84
67,20240307,20,14,188,157,93,18,270,39,20.35,5494.5
68,20240308,10,966,163,193,140,12,228,11,246.12,56115.36
69,20240309,15,18,160,64,196,9,37,44,109.38,4047.06
70,20240310,13,83,320,54,367,17,24,21,75.08,1801.92
71,20240311,10,516,76,15,47,4,48,16,79.99,3839.52
72,20240312,11,370,445,141,303,12,295,21,83.19,24541.05
73,20240313,1,324,31,176,182,20,45,19,54.86,2468.7
74,20240314,10,992,344,105,139,6,316,27,73.44,23207.04
75,20240315,16,124,175,192,158,7,216,48,29.67,6408.72
76,20240316,8,187,355,94,413,0,36,15,34.38,1237.68
77,20240317,20,272,380,66,445,17,18,39,69.15,1244.7
78,20240318,19,330,28,4,13,10,29,24,56.68,1643.72
79,20240319,6,245,299,108,32,4,379,38,116.56,44176.24
80,20240320,8,877,189,8,70,18,145,31,41.08,5956.6
81,20240321,5,623,118,200,311,10,17,45,103.75,1763.75
82,20240322,4,232,290,92,26,9,365,16,50.12,18293.8
83,20240323,15,332,404,109,167,8,354,12,68.42,24220.68
84,20240324,17,868,473,12,50,8,443,45,63.16,27979.88
85,20240325,18,136,179,24,77,3,129,18,169.78,21901.62
86,20240326,18,871,485,141,531,5,100,31,79.65,7965.0
87,20240327,2,759,306,98,174,16,246,11,57.54,14154.84
88,20240328,18,361,252,146,69,19,348,48,66.23,23048.04
89,20240329,8,788,373,36,279,14,144,24,75.58,10883.52
90,20240330,5,660,497,42,200,4,343,30,84.43,28959.49
91,20240331,11,947,164,70,40,8,202,41,98.22,19840.44
92,20240401,9,150,35,30,23,3,45,49,247.35,11130.75
93,20240402,15,431,193,158,291,18,78,36,301.74,23535.72
94,20240403,6,106,420,4,379,7,52,14,35.78,1860.56
95,20240404,16,142,480,191,443,7,235,36,121.22,28486.7
96,20240405,7,132,360,7,86,0,281,24,189.55,53263.55
97,20240406,11,561,148,128,127,3,152,24,113.66,17276.32
98,20240407,3,108,294,176,181,2,291,28,141.09,41057.19
99,20240408,20,62,248,58,129,1,178,34,104.98,18686.44
100,20240409,9,154,272,46,28,13,303,46,233.41,70723.23
101,20240410,20,383,264,14,69,12,221,33,30.81,6809.01
102,20240411,17,64,127,12,13,10,136,38,95.87,13038.32
103,20240412,18,106,363,199,2,9,569,35,68.53,38993.57
104,20240413,8,709,214,116,278,1,53,26,122.05,6468.65
105,20240414,17,942,99,138,24,19,232,34,103.77,24074.64
106,20240415,20,1,136,36,125,13,60,20,84.06,5043.6
107,20240416,5,662,262,57,209,9,119,29,114.87,13669.53
108,20240417,4,493,438,4,0,18,460,50,27.82,12797.2
109,20240418,15,603,453,83,78,10,468,33,84.22,39414.96
110,20240419,11,543,69,38,12,3,98,43,35.56,3484.88
111,20240420,10,320,353,147,256,15,259,38,97.58,25273.22
112,20240421,8,657,34,198,16,3,219,48,89.31,19558.89
113,20240422,18,209,117,141,154,12,116,27,28.79,3339.64
114,20240423,11,310,199,77,89,9,196,41,69.26,13574.96
115,20240424,16,815,267,105,60,13,325,47,46.18,15008.5
116,20240425,1,98,289,158,20,5,432,13,256.66,110877.12
117,20240426,15,300,470,156,553,7,80,43,68.72,5497.6
118,20240427,10,884,222,144,129,0,237,36,44.47,10539.39
119,20240428,15,822,179,168,302,5,50,18,102.21,5110.5
120,20240429,9,29,34,4,3,8,43,10,133.38,5735.34
121,20240430,11,791,353,137,122,2,370,23,285.78,105738.6
122,20240501,15,751,278,34,249,13,76,48,24.63,1871.88
123,20240502,7,748,328,65,197,19,215,49,235.33,50595.95
124,20240503,3,882,63,67,90,4,44,12,91.64,4032.16
125,20240504,1,854,334,8,267,4,79,20,214.58,16951.82
126,20240505,8,593,328,142,62,14,422,14,41.72,17605.84
127,20240506,19,230,270,5,99,15,191,12,38.99,7447.09
128,20240507,10,596,434,169,329,15,289,38,85.34,24663.26
129,20240508,10,808,172,21,77,13,129,37,47.61,6141.69
130,20240509,13,575,315,65,243,2,139,34,66.13,9192.07
131,20240510,5,45,201,146,195,12,164,11,33.02,5415.28
132,20240511,19,323,223,91,162,10,162,16,72.46,11738.52
133,20240512,7,976,203,155,276,16,98,11,359.09,35190.82
134,20240513,13,601,77,127,24,10,190,30,193.55,36774.5
135,20240514,20,949,281,175,74,10,392,15,192.95,75636.4
136,20240515,1,828,48,5,45,18,26,17,31.87,828.62
137,20240516,8,364,313,177,61,15,444,46,113.25,50283.0
138,20240517,14,880,469,183,151,0,501,18,257.87,129192.87
139,20240518,16,908,83,103,162,9,33,36,349.32,11527.56
140,20240519,8,680,35,3,12,11,37,21,94.06,3480.22
141,20240520,13,389,100,93,9,0,184,29,106.43,19583.12
142,20240521,15,372,241,13,151,10,113,36,72.35,8175.55
143,20240522,18,339,93,175,206,12,74,13,113.63,8408.62
144,20240523,17,9,58,186,51,5,198,13,100.76,19950.48
145,20240524,3,694,184,103,110,8,185,12,149.7,27694.5
146,20240525,17,948,224,56,215,7,72,16,82.12,5912.64
147,20240526,14,421,28,80,87,3,24,35,74.31,1783.44
148,20240527,8,206,171,157,167,13,174,41,185.16,32217.84
149,20240528,6,865,298,102,366,15,49,39,91.1,4463.9
150,20240529,2,315,385,100,354,6,137,29,125.24,17157.88
151,20240530,15,985,250,127,166,2,213,47,43.82,9333.66
152,20240531,2,189,84,84,157,14,25,17,55.71,1392.75
153,20240601,10,756,225,64,96,9,202,26,87.7,17715.4
154,20240602,12,858,98,162,160,13,113,38,123.87,13997.31
155,20240603,9,941,426,157,232,13,364,17,42.95,15633.8
156,20240604,7,136,344,19,102,17,278,41,86.75,24116.5
157,20240605,4,398,184,48,201,14,45,38,169.64,7633.8
158,20240606,15,805,293,25,138,3,183,44,122.9,22490.7
159,20240607,10,395,392,189,16,16,581,30,143.31,83263.11
160,20240608,5,547,192,48,85,8,163,49,151.76,24736.88
161,20240609,7,297,69,146,202,3,16,19,256.6,4105.6
162,20240610,10,541,239,17,75,11,192,12,182.2,34982.4
163,20240611,12,349,279,17,206,7,97,42,103.38,10027.86
164,20240612,8,318,110,149,4,18,273,48,46.74,12760.02
165,20240613,3,919,398,55,109,17,361,15,78.45,28320.45
166,20240614,11,236,486,198,147,3,540,20,116.98,63169.2
167,20240615,6,802,425,91,500,9,25,50,124.48,3112.0
168,20240616,14,55,383,136,466,13,66,24,124.16,8194.56
169,20240617,16,748,349,124,169,1,305,43,142.21,43374.05
170,20240618,18,664,413,124,217,16,336,28,33.78,11350.08
171,20240619,5,508,42,36,62,8,24,18,320.29,7686.96
172,20240620,3,360,285,176,154,4,311,13,198.85,61842.35
173,20240621,5,846,318,179,160,0,337,43,70.21,23660.77
174,20240622,16,551,477,192,219,17,467,25,190.93,89164.31
175,20240623,10,709,246,39,77,12,220,39,67.0,14740.0
176,20240624,15,726,207,141,234,18,132,10,166.36,21959.52
177,20240625,13,161,441,142,118,17,482,21,20.65,9953.3
178,20240626,7,979,237,127,4,7,367,30,192.51,70651.17
179,20240627,12,675,313,119,109,12,335,19,149.56,50102.6
180,20240628,17,223,254,81,129,15,221,25,78.39,17324.19
181,20240629,19,50,367,162,264,0,265,21,184.55,48905.75
182,20240630,6,177,477,9,460,4,30,32,53.29,1598.7
183,20240701,2,968,329,122,97,5,359,18,41.2,14790.8
184,20240702,5,544,124,158,256,1,27,13,115.72,3124.44
185,20240703,8,172,301,147,322,6,132,36,18.3,2415.6
186,20240704,17,871,127,7,123,10,21,38,47.25,992.25
187,20240705,9,929,378,160,125,13,426,10,51.93,22122.18
188,20240706,15,650,362,86,431,11,28,11,112.53,3150.84
189,20240707,7,749,466,43,377,10,142,48,83.17,11810.14
190,20240708,12,945,97,121,38,4,184,18,300.95,55374.8
191,20240709,8,367,454,42,134,8,370,39,48.67,18007.9
192,20240710,5,160,468,169,564,0,73,23,107.16,7822.68
193,20240711,4,102,76,71,65,5,87,44,146.38,12735.06
194,20240712,14,412,307,112,349,15,85,28,100.71,8560.35
195,20240713,20,14,125,25,107,6,49,50,45.7,2239.3
196,20240714,16,785,424,42,414,2,54,12,165.95,8961.3
197,20240715,8,438,75,51,49,4,81,43,72.08,5838.48
198,20240716,13,494,176,191,349,14,32,25,112.88,3612.16
199,20240717,6,530,355,87,231,4,215,30,82.53,17743.95
200,20240718,11,317,457,33,453,7,44,33,69.42,3054.48
201,20240719,11,156,179,136,35,12,292,20,222.9,65086.8
202,20240720,16,70,87,116,18,1,186,37,122.02,22695.72
203,20240721,10,250,433,98,376,7,162,43,88.43,14325.66
204,20240722,12,533,219,70,163,1,127,46,97.26,12352.02
205,20240723,16,617,226,150,142,2,236,20,24.13,5694.68
206,20240724,2,320,31,178,133,1,77,32,67.43,5192.11
207,20240725,8,388,330,107,413,5,29,40,126.92,3680.68
208,20240726,9,436,125,72,184,0,13,40,142.97,1858.61
209,20240727,11,825,428,182,497,5,118,33,95.0,11210.0
210,20240728,8,429,445,110,214,10,351,37,100.1,35135.1
211,20240729,18,810,95,12,44,20,83,34,333.47,27678.01
212,20240730,20,398,281,15,23,16,289,31,180.71,52225.19
213,20240731,17,718,205,108,149,2,166,35,43.5,7221.0
214,20240801,15,527,410,179,32,12,569,47,69.6,39602.4
215,20240802,16,44,211,80,145,3,149,26,153.27,22837.23
216,20240803,18,730,260,98,209,14,163,38,79.91,13025.33
217,20240804,18,592,41,101,38,10,114,39,91.41,10420.74
218,20240805,3,337,88,147,224,20,31,46,77.09,2389.79
219,20240806,20,176,448,183,79,18,570,12,112.53,64142.1
220,20240807,3,768,438,96,354,19,199,38,286.71,57055.29
221,20240808,2,743,395,44,356,13,96,26,122.4,11750.4
222,20240809,11,752,239,146,73,14,326,23,78.43,25568.18
223,20240810,4,203,494,47,280,2,263,20,80.9,21276.7
224,20240811,16,350,297,22,304,16,31,33,35.22,1091.82
225,20240812,11,427,110,190,282,19,37,11,105.0,3885.0
226,20240813,6,395,464,169,539,4,98,19,95.49,9358.02
227,20240814,3,201,493,45,146,8,400,50,43.77,17508.0
228,20240815,12,551,50,157,83,12,136,26,57.96,7882.56
229,20240816,2,349,467,172,255,15,399,19,141.81,56582.19
230,20240817,3,167,434,32,296,17,187,44,111.93,20930.91
231,20240818,5,749,172,116,269,10,29,38,116.17,3368.93
232,20240819,12,117,197,32,134,4,99,25,121.67,12045.33
233,20240820,8,218,51,3,49,13,18,24,156.59,2818.62
234,20240821,4,693,37,197,96,4,142,41,38.69,5493.98
235,20240822,16,604,112,120,185,10,57,21,19.14,1090.98
236,20240823,16,763,158,146,279,2,27,46,219.67,5931.09
237,20240824,10,911,217,193,328,6,88,11,22.25,1958.0
238,20240825,11,612,375,166,276,3,268,19,117.09,31380.12
239,20240826,6,280,375,154,459,7,77,16,189.58,14597.66
240,20240827,13,676,370,27,147,8,258,48,61.05,15750.9
241,20240828,4,963,387,14,82,10,329,19,91.61,30139.69
242,20240829,18,984,308,158,17,8,457,42,60.78,27776.46
243,20240830,1,611,190,187,310,16,83,49,61.87,5135.21
244,20240831,11,726,355,77,346,16,102,18,109.5,11169.0
245,20240901,8,60,148,173,24,5,302,40,257.21,77677.42
246,20240902,12,5,447,48,451,13,57,14,103.32,5889.24
247,20240903,11,897,62,162,73,13,164,41,74.97,12295.08
248,20240904,15,736,318,87,319,13,99,18,66.92,6625.08
249,20240905,1,963,161,79,37,14,217,11,87.93,19080.81
250,20240906,12,614,311,4,46,2,271,18,121.6,32953.6
251,20240907,6,466,416,52,450,4,22,24,82.42,1813.24
252,20240908,5,219,79,14,61,1,33,49,40.51,1336.83
253,20240909,4,770,120,177,39,4,262,12,115.72,30318.64
254,20240910,1,407,119,63,105,20,97,34,154.46,14982.62
255,20240911,5,362,70,91,4,18,175,18,95.87,16777.25
256,20240912,1,350,391,67,291,0,167,49,54.34,9074.78
257,20240913,8,208,434,24,198,1,261,35,112.96,29482.56
258,20240914,4,566,301,121,244,2,180,22,165.82,29847.6
259,20240915,8,749,359,44,401,7,9,29,97.1,873.9
260,20240916,8,316,177,175,41,0,311,36,87.49,27209.39
261,20240917,11,856,133,80,39,3,177,23,97.42,17243.34
262,20240918,4,813,204,137,311,4,34,33,119.95,4078.3
263,20240919,6,235,468,159,412,7,222,40,134.78,29921.16
264,20240920,16,422,453,57,249,8,269,36,28.18,7580.42
265,20240921,12,238,115,149,86,2,180,11,128.74,23173.2
266,20240922,4,46,261,119,329,10,61,50,124.54,7596.94
267,20240923,5,630,474,11,276,14,223,22,69.57,15514.11
268,20240924,3,355,342,97,30,16,425,45,49.81,21169.25
269,20240925,9,305,131,27,120,13,51,27,39.08,1993.08
270,20240926,11,229,83,173,198,12,70,47,114.34,8003.8
271,20240927,5,53,498,189,406,0,281,23,183.92,51681.52
272,20240928,16,748,478,139,492,14,139,40,205.49,28563.11
273,20240929,10,808,116,96,8,10,214,31,124.55,26653.7
274,20240930,14,53,195,86,36,19,264,37,93.01,24554.64
275,20241001,13,477,458,111,514,8,63,47,126.49,7968.87
276,20241002,14,372,263,119,110,11,283,29,47.45,13428.35
277,20241003,13,475,128,6,4,20,150,45,39.63,5944.5
278,20241004,2,876,491,97,563,3,28,19,337.15,9440.2
279,20241005,2,180,171,123,13,16,297,50,108.07,32096.79
280,20241006,4,52,24,182,203,2,5,34,94.58,472.9
281,20241007,6,219,355,10,338,3,30,49,24.36,730.8
282,20241008,15,869,379,36,320,13,108,11,20.13,2174.04
283,20241009,4,881,121,46,118,11,60,26,307.67,18460.2
284,20241010,20,890,155,109,217,11,58,39,112.58,6529.64
285,20241011,6,491,115,98,202,0,11,49,99.84,1098.24
286,20241012,17,323,217,41,46,5,217,40,126.29,27404.93
287,20241013,5,525,92,145,232,20,25,24,48.48,1212.0
288,20241014,12,348,69,181,110,18,158,25,132.17,20882.86
289,20241015,18,821,285,194,105,5,379,18,289.73,109807.67
290,20241016,7,968,337,154,334,13,170,29,46.45,7896.5
291,20241017,15,645,48,28,46,11,41,26,104.15,4270.15
292,20241018,11,706,63,85,50,15,113,23,157.24,17768.12
293,20241019,13,338,275,148,388,20,55,25,70.93,3901.15
294,20241020,14,925,183,165,133,12,227,25,317.35,72038.45
295,20241021,4,528,144,40,57,12,139,23,69.9,9716.1
296,20241022,1,149,24,69,64,9,38,29,73.29,2785.02
297,20241023,2,548,265,78,68,9,284,17,101.05,28698.2
298,20241024,10,577,93,183,100,15,191,13,218.13,41662.83
299,20241025,8,444,447,154,467,7,141,35,193.41,27270.81
300,20241026,3,332,98,79,49,7,135,11,28.41,3835.35
301,20241027,1,776,296,23,254,8,73,14,176.71,12899.83
302,20241028,13,116,139,168,188,9,128,40,110.16,14100.48
303,20241029,4,787,336,107,99,19,363,24,42.41,15394.83
304,20241030,14,49,86,84,144,10,36,24,74.88,2695.68
305,20241031,8,831,495,18,396,0,117,12,19.21,2247.57
306,20241101,7,366,64,111,149,2,28,50,40.79,1142.12
307,20241102,9,786,298,125,48,0,375,38,80.97,30363.75
308,20241103,6,794,267,6,139,18,152,27,72.34,10995.68
309,20241104,8,649,452,124,10,11,577,14,76.18,43955.86
310,20241105,3,559,468,138,461,10,155,41,52.68,8165.4
311,20241106,7,457,236,184,408,1,13,19,23.91,310.83
312,20241107,1,184,276,129,23,6,388,22,80.83,31362.04
313,20241108,10,851,211,52,77,4,190,24,161.15,30618.5
314,20241109,17,947,345,37,307,15,90,36,56.9,5121.0
315,20241110,12,399,477,178,621,2,36,31,101.7,3661.2
316,20241111,19,522,170,40,90,20,140,29,64.95,9093.0
317,20241112,10,809,258,0,249,18,27,18,86.71,2341.17
318,20241113,19,567,416,39,260,7,202,14,30.05,6070.1
319,20241114,15,266,432,60,173,18,337,45,293.04,98754.48
320,20241115,4,957,284,151,335,5,105,32,316.45,33227.25
321,20241116,10,526,245,75,271,12,61,36,272.08,16596.88
322,20241117,8,937,21,121,36,0,106,45,25.22,2673.32
323,20241118,13,777,91,146,18,12,231,31,253.48,58553.88
324,20241119,10,321,381,103,7,17,494,44,66.06,32633.64
325,20241120,20,13,481,148,15,16,630,38,90.78,57191.4
326,20241121,18,16,159,193,98,14,268,46,67.1,17982.8
327,20241122,9,190,316,100,12,2,406,43,57.85,23487.1
328,20241123,8,70,393,140,262,9,280,49,79.86,22360.8
329,20241124,19,466,200,37,213,15,39,25,144.14,5621.46
330,20241125,15,672,205,3,150,4,62,43,114.11,7074.82
331,20241126,19,322,342,117,78,20,401,21,124.54,49940.54
332,20241127,11,190,234,140,216,20,178,33,151.62,26988.36
333,20241128,9,284,417,55,263,5,214,46,95.2,20372.8
334,20241129,19,872,85,159,71,9,182,46,42.08,7658.56
335,20241130,1,584,193,167,87,1,274,42,145.42,39845.08
336,20241201,13,378,139,169,152,8,164,49,132.57,21741.48
337,20241202,1,625,257,12,201,9,77,40,112.41,8655.57
338,20241203,11,382,245,61,250,3,59,36,74.05,4368.95
339,20241204,7,417,186,129,125,20,210,24,40.09,8418.9
340,20241205,18,941,304,139,156,3,290,26,43.61,12646.9
341,20241206,12,70,387,42,411,11,29,42,111.23,3225.67
342,20241207,10,717,84,181,123,18,160,23,281.79,45086.4
343,20241208,6,175,485,49,107,8,435,20,124.92,54340.2
344,20241209,5,523,379,10,298,1,92,49,171.63,15789.96
345,20241210,6,329,294,134,342,4,90,32,92.85,8356.5
346,20241211,3,690,450,59,225,10,294,15,160.28,47122.32
347,20241212,17,720,210,197,111,17,313,21,53.12,16626.56
348,20241213,20,546,52,58,24,18,104,39,54.11,5627.44
349,20241214,1,400,137,97,87,4,151,36,29.08,4391.08
350,20241215,7,294,461,160,48,20,593,25,77.26,45815.18
351,20241216,19,29,32,105,10,11,138,45,71.96,9930.48
352,20241217,5,660,183,37,191,20,49,36,187.98,9211.02
353,20241218,12,103,251,147,243,12,167,11,85.57,14290.19
354,20241219,16,672,39,64,0,9,112,38,58.17,6515.04
355,20241220,11,650,148,191,177,13,175,12,99.23,17365.25
356,20241221,18,614,121,101,89,9,142,43,339.28,48177.76
357,20241222,20,305,415,18,284,14,163,16,84.43,13762.09
358,20241223,15,512,207,90,227,9,79,17,28.73,2269.67
359,20241224,4,369,154,178,328,6,10,38,147.53,1475.3
360,20241225,15,290,358,194,131,18,439,21,46.47,20400.33
361,20241226,4,198,371,151,210,7,319,12,310.83,99154.77
362,20241227,5,843,45,191,121,19,134,48,86.79,11629.86
363,20241228,16,357,222,30,147,2,107,11,40.0,4280.0
364,20241229,6,341,211,70,60,9,230,29,86.89,19984.7
365,20241230,20,290,178,51,56,9,182,31,54.64,9944.48
366,20241231,3,107,208,194,231,9,180,11,256.24,46123.2
367,20250101,15,400,228,54,108,8,182,20,25.15,4577.3
368,20250102,18,983,121,130,72,0,179,50,122.51,21929.29
369,20250103,4,194,376,135,497,8,22,36,60.58,1332.76
370,20250104,16,120,249,112,85,12,288,49,108.9,31363.2
371,20250105,12,39,285,66,7,16,360,37,72.82,26215.2
372,20250106,13,365,306,69,323,18,70,48,89.84,6288.8
373,20250107,11,375,22,122,15,5,134,38,98.13,13149.42
374,20250108,11,517,451,5,46,6,416,44,100.12,41649.92
375,20250109,15,908,52,74,83,14,57,15,330.95,18864.15
376,20250110,18,905,151,111,179,4,87,30,95.62,8318.94
377,20250111,12,355,92,137,153,10,86,13,40.4,3474.4
378,20250112,15,927,56,87,108,19,54,37,174.05,9398.7
379,20250113,20,262,166,5,20,7,158,22,68.67,10849.86
380,20250114,15,445,328,43,147,6,230,43,25.32,5823.6
381,20250115,10,831,68,171,145,8,102,11,53.32,5438.64
382,20250116,4,836,100,133,213,15,35,46,57.75,2021.25
383,20250117,9,531,122,140,49,7,220,13,30.74,6762.8
384,20250118,14,855,161,128,87,20,222,28,238.72,52995.84
385,20250119,6,80,490,82,366,6,212,20,158.09,33515.08
386,20250120,2,126,81,166,61,11,197,41,92.32,18187.04
387,20250121,15,238,194,186,252,15,143,46,106.46,15223.78
388,20250122,17,57,52,25,53,16,40,40,97.33,3893.2
389,20250123,20,988,21,87,105,1,4,48,48.93,195.72
390,20250124,14,851,204,42,69,16,193,25,135.81,26211.33
391,20250125,13,86,378,119,45,9,461,49,41.55,19154.55
392,20250126,7,158,227,71,212,3,89,11,150.01,13350.89
393,20250127,16,507,462,164,552,16,90,38,92.0,8280.0
394,20250128,20,335,428,107,382,15,168,32,77.37,12998.16
395,20250129,11,803,347,57,329,17,92,41,183.63,16893.96
396,20250130,8,680,176,86,218,0,44,24,45.42,1998.48
397,20250131,11,801,94,183,41,17,253,11,105.65,26729.45
398,20250201,16,881,172,167,4,14,349,44,249.33,87016.17
399,20250202,8,972,135,47,178,19,23,50,29.32,674.36
400,20250203,16,995,66,191,37,7,227,32,54.42,12353.34
401,20250204,18,128,84,82,68,12,110,35,41.89,4607.9
402,20250205,18,461,245,71,313,18,21,38,108.75,2283.75
403,20250206,1,606,158,14,51,13,134,10,148.18,19856.12
404,20250207,11,862,302,105,283,6,130,17,132.61,17239.3
405,20250208,17,971,356,148,446,12,70,12,103.34,7233.8
406,20250209,15,220,180,7,63,1,125,20,60.17,7521.25
407,20250210,3,442,450,69,396,11,134,44,46.61,6245.74
408,20250211,11,297,44,97,51,4,94,47,188.21,17691.74
409,20250212,19,49,344,50,352,14,56,28,124.5,6972.0
410,20250213,15,62,175,1,151,14,39,10,118.61,4625.79
411,20250214,19,314,95,73,96,16,88,14,51.78,4556.64
412,20250215,4,648,237,119,231,8,133,22,101.56,13507.48
413,20250216,15,694,37,81,43,17,92,23,193.03,17758.76
414,20250217,16,559,305,115,377,12,55,14,100.01,5500.55
415,20250218,3,369,250,30,221,12,71,29,192.57,13672.47
416,20250219,6,767,485,67,378,2,176,50,136.56,24034.56
417,20250220,5,736,170,43,131,9,91,47,59.18,5385.38
418,20250221,10,44,173,65,179,1,60,17,258.49,15509.4
419,20250222,4,575,240,137,174,11,214,44,67.1,14359.4
420,20250223,8,985,84,120,62,1,143,47,57.15,8172.45
421,20250224,13,231,461,15,181,16,311,28,97.86,30434.46
422,20250225,10,946,216,139,302,20,73,43,56.27,4107.71
423,20250226,17,627,466,54,450,11,81,22,18.57,1504.17
424,20250227,13,837,138,87,120,1,106,32,40.55,4298.3
425,20250228,5,736,443,194,176,5,466,29,52.22,24334.52
426,20250301,12,557,33,166,121,1,79,50,320.36,25308.44
427,20250302,13,18,179,35,136,5,83,33,175.66,14579.78
428,20250303,5,585,191,54,99,15,161,50,194.39,31296.79
429,20250304,18,103,334,16,253,7,104,22,75.56,7858.24
430,20250305,3,773,429,3,390,8,50,27,139.44,6972.0
431,20250306,3,957,498,21,103,15,431,20,88.28,38048.68
432,20250307,7,800,297,75,158,20,234,27,191.76,44871.84
433,20250308,8,151,209,47,8,9,257,18,126.16,32423.12
434,20250309,8,546,168,148,100,12,228,32,179.93,41024.04
435,20250310,5,886,178,47,12,20,233,10,21.52,5014.16
436,20250311,13,255,224,107,174,12,169,36,178.61,30185.09
437,20250312,15,578,151,84,182,7,60,28,32.19,1931.4
438,20250313,8,668,277,48,1,11,335,44,29.68,9942.8
439,20250314,16,21,436,116,544,18,26,30,26.46,687.96
440,20250315,20,229,93,4,77,6,26,47,128.11,3330.86
441,20250316,12,394,378,2,9,18,389,14,32.86,12782.54
442,20250317,12,753,140,146,87,3,202,39,94.38,19064.76
443,20250318,20,997,413,151,515,20,69,43,102.15,7048.35
444,20250319,10,599,316,76,161,2,233,22,85.58,19940.14
445,20250320,6,35,242,80,65,20,277,19,225.83,62554.91
446,20250321,3,657,367,126,17,5,481,29,93.27,44862.87
447,20250322,17,12,256,20,166,16,126,25,81.03,10209.78
448,20250323,16,832,83,31,84,14,44,28,111.23,4894.12
449,20250324,2,116,28,18,32,10,24,35,78.31,1879.44
450,20250325,2,209,209,166,267,16,124,42,42.77,5303.48
451,20250326,15,134,40,188,166,6,68,38,151.05,10271.4
452,20250327,13,461,284,77,16,13,358,24,58.03,20774.74
453,20250328,9,224,383,114,434,18,81,10,79.29,6422.49
454,20250329,14,905,428,36,241,19,242,34,70.52,17065.84
455,20250330,14,179,343,153,200,1,297,20,146.39,43477.83
456,20250331,8,786,323,102,45,17,397,22,160.63,63770.11
457,20250401,14,972,242,161,75,17,345,15,29.31,10111.95
458,20250402,7,577,279,94,90,8,291,39,202.44,58910.04
459,20250403,15,61,420,1,82,13,352,12,69.0,24288.0
460,20250404,8,708,331,71,308,3,97,42,94.08,9125.76
461,20250405,11,298,101,98,14,15,200,36,96.55,19310.0
462,20250406,12,719,404,43,366,6,87,13,68.08,5922.96
463,20250407,19,672,384,132,435,14,95,35,102.35,9723.25
464,20250408,19,108,386,69,335,16,136,14,120.66,16409.76
465,20250409,15,168,205,144,140,14,223,33,376.21,83894.83
466,20250410,12,699,409,46,188,13,280,33,142.36,39860.8
467,20250411,7,561,489,114,93,19,529,17,195.89,103625.81
468,20250412,7,843,291,25,18,3,301,43,60.21,18123.21
469,20250413,3,925,469,169,347,10,301,11,343.88,103507.88
470,20250414,9,146,385,148,341,20,212,43,23.45,4971.4
471,20250415,17,488,183,108,102,6,195,16,74.93,14611.35
472,20250416,2,616,373,57,369,11,72,28,41.69,3001.68
473,20250417,12,547,40,71,40,11,82,14,146.67,12026.94
474,20250418,20,752,308,193,74,1,428,36,89.5,38306.0
475,20250419,20,261,429,88,123,18,412,16,238.45,98241.4
476,20250420,1,597,45,168,116,12,109,21,276.23,30109.07
477,20250421,9,895,477,29,217,11,300,25,289.06,86718.0
478,20250422,15,128,276,14,21,15,284,15,23.79,6756.36
479,20250423,1,335,316,185,403,16,114,36,67.06,7644.84
480,20250424,6,869,257,107,64,0,300,18,29.77,8931.0
481,20250425,17,871,180,34,4,1,211,35,68.57,14468.27
482,20250426,7,23,162,76,238,20,20,45,76.92,1538.4
483,20250427,20,273,85,174,138,2,123,20,130.9,16100.7
484,20250428,2,610,345,190,131,9,413,14,22.36,9234.68
485,20250429,5,305,456,147,385,2,220,28,75.7,16654.0
486,20250430,11,792,400,120,259,9,270,32,69.89,18870.3
487,20250501,9,487,431,71,3,14,513,26,37.2,19083.6
488,20250502,2,311,385,181,155,10,421,43,113.67,47855.07
489,20250503,20,635,135,29,27,18,155,44,63.17,9791.35
490,20250504,15,263,69,11,26,15,69,41,118.59,8182.71
491,20250505,8,853,403,172,427,13,161,40,98.97,15934.17
492,20250506,20,890,402,151,202,1,352,41,144.59,50895.68
493,20250507,1,79,293,40,82,8,259,24,48.66,12602.94
494,20250508,10,495,393,89,108,18,392,37,311.86,122249.12
495,20250509,20,897,26,152,99,14,93,27,30.68,2853.24
496,20250510,8,218,51,192,31,3,215,42,129.86,27919.9
497,20250511,8,251,198,190,382,7,13,19,75.04,975.52
498,20250512,3,160,234,32,109,10,167,50,125.47,20953.49
499,20250513,12,186,476,68,61,15,498,30,26.24,13067.52
500,20250514,19,569,108,161,31,12,250,32,149.96,37490.0
501,20250515,1,694,111,29,47,15,108,48,75.91,8198.28
502,20250516,1,143,450,144,348,15,261,22,85.89,22417.29
503,20250517,11,589,203,122,151,14,188,43,60.83,11436.04
504,20250518,14,46,389,36,329,11,107,48,37.6,4023.2
505,20250519,12,386,133,154,268,4,23,50,83.71,1925.33
506,20250520,4,131,405,114,105,0,414,39,303.32,125574.48
507,20250521,11,514,172,105,99,20,198,46,53.91,10674.18
508,20250522,2,816,369,192,223,18,356,24,228.9,81488.4
509,20250523,14,137,191,5,174,10,32,45,87.82,2810.24
510,20250524,18,305,127,6,97,2,38,18,83.62,3177.56
511,20250525,19,238,258,12,255,10,25,31,102.17,2554.25
512,20250526,14,883,46,172,190,20,48,40,159.25,7644.0
513,20250527,19,504,301,177,35,1,444,10,270.75,120213.0
514,20250528,2,81,341,196,385,6,158,41,53.55,8460.9
515,20250529,20,591,179,49,76,9,161,40,88.31,14217.91
516,20250530,15,26,308,0,40,13,281,26,58.83,16531.23
517,20250531,11,660,228,85,181,8,140,22,94.64,13249.6
518,20250601,15,126,44,42,21,0,65,22,216.76,14089.4
519,20250602,10,630,366,173,522,20,37,11,75.96,2810.52
520,20250603,17,250,137,187,206,0,118,10,165.64,19545.52
521,20250604,5,827,223,70,273,4,24,21,28.02,672.48
522,20250605,13,929,448,90,278,11,271,33,15.48,4195.08
523,20250606,9,366,65,141,10,18,214,38,59.32,12694.48
524,20250607,10,502,229,13,88,7,161,48,267.39,43049.79
525,20250608,9,38,475,27,40,9,471,45,31.24,14714.04
526,20250609,7,207,413,163,440,18,154,27,59.42,9150.68
527,20250610,14,246,495,3,196,16,318,49,49.14,15626.52
528,20250611,9,184,430,59,78,18,429,11,94.94,40729.26
529,20250612,4,855,301,9,171,8,147,41,199.08,29264.76
530,20250613,14,285,414,76,385,15,120,25,258.42,31010.4
531,20250614,18,428,318,194,473,16,55,13,51.63,2839.65
532,20250615,12,106,114,75,132,11,68,23,25.6,1740.8
533,20250616,8,276,288,39,326,12,13,31,34.74,451.62
534,20250617,12,13,179,175,146,6,214,11,37.88,8106.32
535,20250618,2,467,307,96,255,14,162,26,118.44,19187.28
536,20250619,6,133,463,145,589,13,32,31,21.41,685.12
537,20250620,10,862,36,66,2,18,118,45,116.49,13745.82
538,20250621,6,376,399,189,469,17,136,33,108.07,14697.52
539,20250622,2,786,340,39,324,13,68,39,147.41,10023.88
540,20250623,10,789,377,34,386,2,27,49,306.45,8274.15
541,20250624,10,473,432,171,547,14,70,33,40.99,2869.3
542,20250625,4,686,328,4,91,11,252,12,73.47,18514.44
543,20250626,4,482,126,17,80,9,72,43,175.79,12656.88
544,20250627,17,26,115,135,122,4,132,20,120.06,15847.92
545,20250628,3,335,226,183,232,15,192,22,71.1,13651.2
546,20250629,16,249,450,21,146,11,336,20,130.27,43770.72
547,20250630,17,244,77,177,197,11,68,27,80.8,5494.4
548,20250701,19,748,343,120,313,7,157,14,260.99,40975.43
549,20250702,17,559,392,52,16,1,429,47,65.13,27940.77
550,20250703,10,178,411,25,411,5,30,39,191.31,5739.3
551,20250704,2,685,270,142,173,9,248,33,45.24,11219.52
552,20250705,15,186,39,70,86,4,27,21,40.95,1105.65
553,20250706,11,79,131,45,115,19,80,19,46.0,3680.0
554,20250707,15,6,485,199,393,14,305,19,68.81,20987.05
555,20250708,6,72,262,3,61,1,205,43,306.89,62912.45
556,20250709,6,569,92,152,21,3,226,47,55.04,12439.04
557,20250710,16,807,166,113,221,9,67,21,75.16,5035.72
558,20250711,9,546,485,196,410,9,280,26,162.19,45413.2
559,20250712,10,401,124,115,7,20,252,41,25.02,6305.04
560,20250713,4,295,267,8,244,19,50,19,270.55,13527.5
561,20250714,11,507,305,122,406,13,34,11,129.36,4398.24
562,20250715,17,191,112,142,132,3,125,37,101.55,12693.75
563,20250716,4,29,333,71,303,12,113,35,102.01,11527.13
564,20250717,20,402,220,28,248,18,18,35,16.8,302.4
565,20250718,6,614,373,146,291,2,230,11,245.21,56398.3
566,20250719,14,247,432,71,493,5,15,39,35.99,539.85
567,20250720,11,380,360,50,362,18,66,36,263.36,17381.76
568,20250721,4,933,310,105,19,15,411,49,44.08,18116.88
569,20250722,1,888,449,162,439,1,173,49,127.36,22033.28
570,20250723,16,363,314,25,326,9,22,21,64.47,1418.34
571,20250724,11,910,325,106,199,16,248,35,125.33,31081.84
572,20250725,12,544,383,148,497,5,39,42,91.98,3587.22
573,20250726,10,295,481,166,583,18,82,50,246.32,20198.24
574,20250727,14,41,204,31,143,13,105,41,72.99,7663.95
575,20250728,17,888,285,136,24,10,407,29,142.57,58025.99
576,20250729,6,543,484,157,541,19,119,22,51.61,6141.59
577,20250730,5,881,389,66,423,17,49,12,158.44,7763.56
578,20250731,4,154,456,49,463,13,55,35,267.46,14710.3
579,20250801,17,706,305,43,87,1,262,30,150.95,39548.9
580,20250802,9,946,344,33,65,12,324,42,89.78,29088.72
581,20250803,13,823,38,10,36,2,14,36,130.26,1823.64
582,20250804,20,548,164,160,246,10,88,45,106.08,9335.04
583,20250805,13,852,285,48,326,8,15,10,27.95,419.25
584,20250806,14,102,461,13,117,14,371,48,101.67,37719.57
585,20250807,3,870,152,51,30,8,181,29,208.71,37776.51
586,20250808,12,728,100,183,102,16,197,45,46.47,9154.59
587,20250809,7,988,75,163,39,17,216,21,94.01,20306.16
588,20250810,17,345,31,124,119,13,49,10,84.16,4123.84
589,20250811,7,384,187,133,271,20,69,10,51.49,3552.81
590,20250812,13,539,435,26,195,20,286,36,56.83,16253.38
591,20250813,3,599,278,162,266,12,186,13,172.08,32006.88
592,20250814,6,181,456,11,383,18,102,26,37.76,3851.52
593,20250815,19,689,482,84,387,7,186,28,45.37,8438.82
594,20250816,2,584,63,10,69,19,23,50,160.66,3695.18
595,20250817,11,857,162,59,154,10,77,46,160.6,12366.2
596,20250818,1,513,22,64,85,2,3,44,63.53,190.59
597,20250819,6,266,222,44,2,1,265,33,298.26,79038.9
598,20250820,14,20,427,175,161,5,446,43,63.4,28276.4
599,20250821,3,264,165,88,98,1,156,35,65.77,10260.12
600,20250822,15,165,164,186,220,3,133,39,115.29,15333.57
601,20250823,9,109,211,31,199,15,58,17,73.4,4257.2
602,20250824,17,629,119,160,213,2,68,10,251.43,17097.24
603,20250825,17,761,236,39,227,13,61,17,63.21,3855.81
604,20250826,3,858,461,186,474,17,190,18,190.48,36191.2
605,20250827,13,449,30,24,1,5,58,42,69.64,4039.12
606,20250828,17,722,257,39,272,17,41,35,100.76,4131.16
607,20250829,10,170,232,71,36,13,280,23,113.17,31687.6
608,20250830,9,873,148,134,180,6,108,41,65.77,7103.16
609,20250831,7,487,479,49,174,16,370,25,68.92,25500.4
610,20250901,17,586,75,163,48,20,210,35,194.96,40941.6
611,20250902,6,17,261,156,331,15,101,34,153.73,15526.73
612,20250903,6,259,146,158,212,9,101,18,56.91,5747.91
613,20250904,12,720,67,170,82,14,169,44,57.6,9734.4
614,20250905,16,527,412,133,230,4,319,38,69.73,22243.87
615,20250906,9,99,77,166,145,13,111,26,29.41,3264.51
616,20250907,20,277,383,1,0,13,397,25,44.05,17487.85
617,20250908,6,602,24,40,26,7,45,45,20.34,915.3
618,20250909,1,942,58,192,132,12,130,41,65.86,8561.8
619,20250910,15,662,206,200,258,8,156,38,88.9,13868.4
620,20250911,13,387,471,125,315,4,285,26,66.23,18875.55
621,20250912,15,388,318,80,333,16,81,19,133.06,10777.86
622,20250913,12,454,393,38,396,17,52,40,120.74,6278.48
623,20250914,16,455,326,138,188,12,288,49,292.07,84116.16
624,20250915,3,207,412,82,258,14,250,24,54.49,13622.5
625,20250916,15,113,443,91,504,0,30,34,60.99,1829.7
626,20250917,12,832,146,158,225,11,90,33,303.5,27315.0
627,20250918,18,993,110,181,97,16,210,16,82.66,17358.6
628,20250919,15,237,179,88,155,17,129,50,39.64,5113.56
629,20250920,17,690,312,10,222,4,104,26,220.92,22975.68
630,20250921,10,554,23,77,88,11,23,26,53.43,1228.89
631,20250922,1,627,46,141,165,4,26,42,66.42,1726.92
632,20250923,9,641,457,94,119,5,437,15,154.03,67311.11
633,20250924,14,403,477,107,257,6,333,32,192.45,64085.85
634,20250925,4,761,430,150,393,17,204,33,56.81,11589.24
635,20250926,12,454,91,127,147,20,91,45,234.28,21319.48
636,20250927,1,182,362,175,350,1,188,36,186.72,35103.36
637,20250928,6,359,311,55,226,6,146,16,31.8,4642.8
638,20250929,19,641,437,29,461,14,19,13,145.97,2773.43
639,20250930,5,79,391,73,336,2,130,35,72.6,9438.0
640,20251001,3,339,411,60,286,14,199,41,109.32,21754.68
641,20251002,7,382,354,58,113,9,308,34,123.36,37994.88
642,20251003,15,838,292,167,262,8,205,12,49.44,10135.2
643,20251004,11,154,133,109,26,15,231,38,319.63,73834.53
644,20251005,16,825,468,200,24,9,653,42,115.36,75330.08
645,20251006,3,203,419,74,274,9,228,13,221.86,50584.08
646,20251007,15,115,87,173,256,18,22,13,217.33,4781.26
647,20251008,6,697,465,133,270,3,331,32,41.65,13786.15
648,20251009,14,722,226,118,119,7,232,13,259.6,60227.2
649,20251010,13,208,214,6,54,14,180,28,98.79,17782.2
650,20251011,12,815,228,165,96,2,299,21,40.25,12034.75
651,20251012,16,924,110,154,75,16,205,14,97.47,19981.35
652,20251013,18,303,456,45,119,1,383,32,37.95,14534.85
653,20251014,11,680,116,87,175,14,42,12,95.49,4010.58
654,20251015,7,806,124,180,150,10,164,49,53.01,8693.64
655,20251016,20,188,22,30,52,11,11,15,99.0,1089.0
656,20251017,2,231,367,122,150,7,346,28,108.05,37385.3
657,20251018,13,57,176,88,238,6,32,12,121.05,3873.6
658,20251019,5,458,178,45,1,18,240,12,102.5,24600.0
659,20251020,19,741,400,150,253,5,302,45,41.22,12448.44
660,20251021,19,823,333,32,325,2,42,28,129.96,5458.32
661,20251022,19,492,192,182,147,12,239,45,309.84,74051.76
662,20251023,6,904,113,19,27,4,109,50,26.86,2927.74
663,20251024,9,267,288,149,282,19,174,34,39.94,6949.56
664,20251025,7,628,127,41,114,18,72,14,85.84,6180.48
665,20251026,10,136,35,79,62,17,69,24,150.09,10356.21
666,20251027,19,905,164,109,16,19,276,17,112.48,31044.48
667,20251028,20,997,449,129,195,16,399,36,238.32,95089.68
668,20251029,7,77,211,196,299,0,108,44,100.64,10869.12
669,20251030,11,745,190,81,60,2,213,39,77.57,16522.41
670,20251031,9,652,220,92,85,15,242,45,97.28,23541.76
671,20251101,12,104,463,11,149,10,335,18,38.56,12917.6
672,20251102,9,973,35,188,138,20,105,25,90.89,9543.45
673,20251103,19,884,132,124,178,18,96,25,46.76,4488.96
674,20251104,10,870,173,194,164,19,222,23,166.6,36985.2
675,20251105,20,966,174,38,170,19,61,12,228.68,13949.48
676,20251106,9,152,412,18,242,3,191,13,41.46,7918.86
677,20251107,7,710,476,191,498,20,189,37,104.16,19686.24
678,20251108,9,987,106,171,194,14,97,37,248.68,24121.96
679,20251109,11,899,91,184,181,0,94,33,66.32,6234.08
680,20251110,1,339,448,124,522,19,69,19,61.48,4242.12
681,20251111,4,672,83,77,103,3,60,47,103.46,6207.6
682,20251112,20,87,92,172,183,13,94,30,184.08,17303.52
683,20251113,10,75,377,79,264,19,211,38,101.86,21492.46
684,20251114,16,590,126,18,143,16,17,32,25.14,427.38
685,20251115,4,614,276,189,6,1,460,43,382.11,175770.6
686,20251116,10,991,439,38,277,4,204,48,62.03,12654.12
687,20251117,3,272,497,187,498,19,205,21,105.32,21590.6
688,20251118,16,266,61,83,21,17,140,30,304.18,42585.2
689,20251119,3,736,440,101,128,9,422,42,104.24,43989.28
690,20251120,7,561,26,173,44,17,172,28,91.65,15763.8
691,20251121,7,925,342,105,311,5,141,34,233.78,32962.98
692,20251122,4,828,454,34,175,20,333,20,28.13,9367.29
693,20251123,8,712,238,178,148,19,287,45,296.6,85124.2
694,20251124,17,190,230,102,86,6,252,18,176.21,44404.92
695,20251125,10,80,393,117,479,16,47,10,180.5,8483.5
696,20251126,20,558,285,184,242,20,247,20,74.97,18517.59
697,20251127,11,862,345,153,29,10,479,37,143.37,68674.23
698,20251128,16,946,262,160,137,3,288,24,98.87,28474.56
699,20251129,7,993,237,29,168,12,110,38,69.03,7593.3
700,20251130,9,927,60,162,189,13,46,38,94.87,4364.02
701,20251201,3,205,400,118,168,3,353,38,38.48,13583.44
702,20251202,7,458,235,179,364,1,51,26,85.66,4368.66
703,20251203,7,196,200,142,264,17,95,21,67.69,6430.55
704,20251204,9,776,396,78,317,10,167,35,123.51,20626.17
705,20251205,6,117,424,125,167,17,399,16,121.7,48558.3
706,20251206,14,705,346,90,405,6,37,25,300.75,11127.75
707,20251207,5,518,269,122,105,3,289,27,384.55,111134.95
708,20251208,11,378,274,141,400,17,32,37,80.87,2587.84
709,20251209,3,972,89,160,88,8,169,26,33.53,5666.57
710,20251210,16,996,321,110,254,0,177,38,16.9,2991.3
711,20251211,19,391,147,61,38,3,173,35,104.13,18014.49
712,20251212,19,179,267,38,103,0,202,13,150.95,30491.9
713,20251213,8,309,480,66,443,13,116,26,274.58,31851.28
714,20251214,20,681,464,97,246,4,319,32,45.52,14520.88
715,20251215,13,362,193,59,193,9,68,30,56.54,3844.72
716,20251216,18,474,407,94,5,0,496,39,40.7,20187.2
717,20251217,8,268,118,15,77,6,62,37,83.17,5156.54
718,20251218,20,815,43,5,9,20,59,23,48.53,2863.27
719,20251219,14,277,340,161,486,1,16,18,38.43,614.88
720,20251220,17,544,49,129,9,16,185,32,140.82,26051.7
721,20251221,12,441,162,152,203,18,129,16,92.78,11968.62
722,20251222,18,332,490,147,131,15,521,34,49.36,25716.56
723,20251223,17,736,58,50,75,8,41,47,62.64,2568.24
724,20251224,4,900,295,163,173,8,293,44,218.53,64029.29
725,20251225,14,822,138,48,129,1,58,22,153.52,8904.16
726,20251226,5,362,30,171,55,4,150,26,43.34,6501.0
727,20251227,10,330,273,108,369,13,25,47,51.47,1286.75
728,20251228,6,395,189,56,93,18,170,37,82.03,13945.1
729,20251229,19,459,350,195,461,12,96,39,76.64,7357.44
730,20251230,2,514,311,161,142,5,335,17,28.32,9487.2
731,20251231,12,501,171,183,269,3,88,35,43.6,3836.8
732,20260101,11,750,215,85,128,2,174,13,137.45,23916.3
733,20260102,17,328,32,149,48,3,136,29,72.0,9792.0
734,20260103,10,697,24,53,8,2,71,19,54.83,3892.93
735,20260104,7,457,125,41,71,11,106,16,115.31,12222.86
736,20260105,13,973,268,44,31,14,295,13,103.63,30570.85
737,20260106,18,239,441,40,138,7,350,39,56.08,19628.0
738,20260107,20,258,480,175,436,10,229,35,88.33,20227.57
739,20260108,2,969,86,29,86,11,40,25,43.1,1724.0
740,20260109,15,971,359,181,112,16,444,46,41.78,18550.32
741,20260110,9,483,451,152,289,17,331,39,45.93,15202.83
742,20260111,5,8,291,101,60,5,337,44,76.11,25649.07
743,20260112,14,724,417,135,102,9,459,30,80.07,36752.13
744,20260113,9,481,481,90,320,20,271,45,22.85,6192.35
745,20260114,6,806,360,194,317,15,252,26,68.78,17332.56
746,20260115,1,752,427,81,468,18,58,37,55.25,3204.5
747,20260116,12,49,46,16,12,7,57,50,43.1,2456.7
748,20260117,3,915,454,86,350,20,210,26,100.99,21207.9
749,20260118,3,658,122,176,88,15,225,31,71.81,16157.25
750,20260119,13,437,25,8,17,9,25,43,37.89,947.25
751,20260120,12,382,256,34,224,0,66,11,99.83,6588.78
752,20260121,17,972,111,118,161,13,81,32,45.4,3677.4
753,20260122,6,124,304,13,34,19,302,16,45.18,13644.36
754,20260123,15,754,214,44,163,1,96,49,91.06,8741.76
755,20260124,11,943,68,181,232,6,23,16,45.13,1037.99
756,20260125,20,551,400,66,112,1,355,37,127.56,45283.8
757,20260126,8,705,325,119,200,0,244,14,338.17,82513.48
758,20260127,3,455,444,157,140,13,474,30,80.91,38351.34
759,20260128,10,449,131,1,89,9,52,22,46.42,2413.84
760,20260129,5,334,282,148,420,3,13,47,61.66,801.58
761,20260130,10,906,176,145,66,4,259,22,75.45,19541.55
762,20260131,1,69,93,84,103,0,74,12,111.11,8222.14
763,20260201,1,556,172,50,170,20,72,33,27.25,1962.0
764,20260202,15,406,32,65,75,10,32,23,88.73,2839.36
765,20260203,18,496,364,3,132,13,248,24,110.75,27466.0
766,20260204,10,132,442,187,311,10,328,44,109.68,35975.04
767,20260205,9,263,487,68,460,14,109,47,190.5,20764.5
768,20260206,12,430,391,71,415,20,67,28,322.6,21614.2
769,20260207,10,246,270,180,16,4,438,24,116.55,51048.9
770,20260208,16,18,70,119,47,18,160,20,97.33,15572.8
771,20260209,3,22,105,151,116,15,155,24,63.72,9876.6
772,20260210,18,899,99,150,185,6,70,46,91.94,6435.8
773,20260211,15,159,125,113,178,8,68,49,69.69,4738.92
774,20260212,17,557,270,32,161,16,157,45,94.75,14875.75
775,20260213,18,925,271,10,230,20,71,21,160.26,11378.46
776,20260214,6,495,497,70,5,12,574,13,328.23,188404.02
777,20260215,18,675,21,108,111,16,34,34,69.84,2374.56
778,20260216,16,252,106,94,81,18,137,22,121.77,16682.49
779,20260217,2,226,258,130,322,13,79,34,116.35,9191.65
780,20260218,4,521,391,95,116,7,377,40,191.66,72255.82
781,20260219,16,366,131,52,166,10,27,39,181.45,4899.15
782,20260220,1,773,212,128,71,1,270,35,57.92,15638.4
783,20260221,15,545,348,185,238,11,306,27,55.51,16986.06
784,20260222,16,758,83,163,163,17,100,12,30.08,3008.0
785,20260223,18,7,398,30,208,6,226,34,77.14,17433.64
786,20260224,11,323,332,139,165,18,324,35,144.12,46694.88
787,20260225,4,902,405,170,331,11,255,24,131.74,33593.7
788,20260226,20,81,353,104,258,19,218,16,56.38,12290.84
789,20260227,14,392,305,84,65,4,328,11,55.45,18187.6
790,20260228,17,265,88,170,142,1,117,38,48.27,5647.59
791,20260301,13,239,491,199,114,4,580,15,22.93,13299.4
792,20260302,8,346,429,90,254,20,285,25,114.31,32578.35
793,20260303,12,268,218,82,181,0,119,49,44.55,5301.45
794,20260304,8,634,324,181,61,16,460,29,64.98,29890.8
795,20260305,19,508,177,0,64,4,117,46,267.53,31301.01
796,20260306,20,23,325,132,155,11,313,31,113.24,35444.12
797,20260307,8,157,418,74,271,0,221,38,202.35,44719.35
798,20260308,9,808,440,86,502,2,26,33,43.17,1122.42
799,20260309,6,485,191,170,264,14,111,49,59.63,6618.93
800,20260310,2,237,58,151,1,2,210,44,83.26,17484.6
801,20260311,12,909,333,30,315,14,62,36,69.75,4324.5
802,20260312,2,674,274,159,274,1,160,26,154.33,24692.8
803,20260313,18,510,375,160,360,7,182,39,47.21,8592.22
804,20260314,11,207,72,0,20,16,68,11,53.48,3636.64
805,20260315,1,883,194,154,321,10,37,10,154.13,5702.81
806,20260316,13,607,98,40,65,17,90,47,65.76,5918.4
807,20260317,18,346,241,147,101,11,298,49,105.1,31319.8
808,20260318,16,679,299,95,127,9,276,36,103.43,28546.68
809,20260319,9,360,480,155,395,16,256,17,313.43,80238.08
810,20260320,10,930,175,148,30,9,302,50,47.5,14345.0
811,20260321,9,743,234,63,188,1,110,29,245.56,27011.6
812,20260322,13,100,375,189,516,5,53,27,91.51,4850.03
813,20260323,9,544,311,168,235,11,255,33,88.17,22483.35
814,20260324,7,64,123,192,95,4,224,24,97.32,21799.68
815,20260325,4,235,365,94,150,13,322,41,162.46,52312.12
816,20260326,13,296,65,106,65,20,126,32,141.58,17839.08
817,20260327,4,995,448,43,224,17,284,18,179.11,50867.24
818,20260328,11,488,325,66,263,19,147,42,114.54,16837.38
819,20260329,6,167,147,120,38,1,230,26,153.63,35334.9
820,20260330,8,462,416,157,325,3,251,39,54.96,13794.96
